[
    {
        "Files": {
            "AAA_Flowchart_v20120815.pdf": "https://phekb.org/sites/phenotype/files/AAA_Flowchart_v20120815.pdf",
            "Geisinger_AAA_Algorithm_Pseudocode_Final20120815.pdf": "https://phekb.org/sites/phenotype/files/Geisinger_AAA_Algorithm_Pseudocode_Final20120815_0.pdf",
            "Geisinger_AAA_Medications_v20120815.xlsx": "https://phekb.org/sites/phenotype/files/Geisinger_AAA_Medications_v20120815.xlsx",
            "Geisinger_AAA_ClinicalVariablesForGWAS_V20120920.xlsx": "https://phekb.org/sites/phenotype/files/Geisinger_AAA_ClinicalVariablesForGWAS_V20120920.xlsx"
        },
        "Phenotype_attributes": "CPT Codes, ICD 9 Codes, Vital Signs",
        "Phenotype_id": 97,
        "Name": "Abdominal Aortic Aneurysm ( AAA )",
        "PIDs": [
            "PP000001"
        ],
        "CID": "PC000001"
    },
    {
        "Files": {
            "Data Dictionary for ACEi Cough": "https://phekb.org/sites/phenotype/files/ACEiCough_Data_Dictionary_VU_final.xls",
            "ACEi_cough_validation_guidelines_v3.doc": "https://phekb.org/sites/phenotype/files/ACEi_cough_validation_guidelines_v3.doc",
            "Ace inhibitor algorithm-2012-11-20.doc": "https://phekb.org/sites/phenotype/files/Ace%20inhibitor%20algorithm-2012-11-20.doc",
            "validation spreadsheet.xls": "https://phekb.org/sites/phenotype/files/validation%20spreadsheet.xls"
        },
        "Phenotype_attributes": "CPT Codes, ICD 9 Codes, Medications, Natural Language Processing",
        "Phenotype_id": 90,
        "Name": "ACE Inhibitor (ACE-I) induced cough",
        "PIDs": [
            "PP000002"
        ],
        "CID": "PC000002"
    },
    {
        "Files": {
            "AKI algorithm document": "https://phekb.org/sites/phenotype/files/AKIalgorithm_V1.0.pdf",
            "AKI algorithm coding": "https://phekb.org/sites/phenotype/files/AKIalgorithm_V1_coding.txt"
        },
        "Phenotype_attributes": "CPT Codes, ICD 10 Codes, ICD 9 Codes, Laboratories",
        "Phenotype_id": 1716,
        "Name": "Acute kidney injury (AKI)",
        "PIDs": [
            "PP000003"
        ],
        "CID": "PC000003"
    },
    {
        "Files": {
            "ADHD algorithm.docx": "https://phekb.org/sites/phenotype/files/ADHD%20algorithm.docx",
            "ADHD Data Dictionary.xlsx": "https://phekb.org/sites/phenotype/files/ADHD%20Data%20Dictionary_1.xlsx"
        },
        "Phenotype_attributes": "ICD 9 Codes, Medications, Natural Language Processing",
        "Phenotype_id": 179,
        "Name": "ADHD phenotype algorithm",
        "PIDs": [
            "PP000004"
        ],
        "CID": "PC000004"
    },
    {
        "Files": {
            "anxiety_meds_mr.csv": "https://phekb.org/sites/phenotype/files/anxiety_meds_mr.csv",
            "anxiety_procs_mr.csv": "https://phekb.org/sites/phenotype/files/anxiety_procs_mr.csv",
            "anxiety_icd_mr.csv": "https://phekb.org/sites/phenotype/files/anxiety_icd_mr.csv",
            "Anxiety Algorithm.docx": "https://phekb.org/sites/phenotype/files/Anxiety%20Algorithm_0.docx",
            "Anxiety_tables.xlsx": "https://phekb.org/sites/phenotype/files/Anxiety_tables_0.xlsx"
        },
        "Phenotype_attributes": "CPT Codes, ICD 10 Codes, ICD 9 Codes, Medications",
        "Phenotype_id": 1105,
        "Name": "Anxiety algorithm",
        "PIDs": [
            "PP000005"
        ],
        "CID": "PC000005"
    },
    {
        "Files": {
            "Appendicitis Algorithm Flowchart": "https://phekb.org/sites/phenotype/files/appendicitis_flowchart_v7.jpg",
            "Full Text Appendicitis Algorithm - Pseudo code and Flowchart included": "https://phekb.org/sites/phenotype/files/appendicitis-algorithm-2016_5-5.pdf"
        },
        "Phenotype_attributes": "CPT Codes, ICD 9 Codes, Medications, Natural Language Processing",
        "Phenotype_id": 236,
        "Name": "Appendicitis",
        "PIDs": [
            "PP000006"
        ],
        "CID": "PC000006"
    },
    {
        "Files": {
            "Asthma Phenotype Algorithm.docx": "https://phekb.org/sites/phenotype/files/Asthma%20Phenotype%20Algorithm_3.docx",
            "Asthma data dictionary.xlsx": "https://phekb.org/sites/phenotype/files/Asthma%20data%20dictionary_5.xlsx"
        },
        "Phenotype_attributes": "ICD 9 Codes, Laboratories, Medications, Natural Language Processing",
        "Phenotype_id": 146,
        "Name": "Asthma",
        "PIDs": [
            "PP000007"
        ],
        "CID": "PC000007"
    },
    {
        "Files": {
            "Asthma_ICS_Algorithm.docx": "https://phekb.org/sites/phenotype/files/Asthma_ICS_Algorithm.docx",
            "PgPOP-Asthma-Data-Dictionary-V3_Marshfield.xlsx": "https://phekb.org/sites/phenotype/files/PgPOP-Asthma-Data-Dictionary-V3_Marshfield.xlsx"
        },
        "Phenotype_attributes": "NA",
        "Phenotype_id": 115,
        "Name": "Asthma Response to Inhaled Steroids",
        "PIDs": [
            "PP000008"
        ],
        "CID": "PC000008"
    },
    {
        "Files": {
            "Atopic Dermatitis Phenotype Algorithm.docx": "https://phekb.org/sites/phenotype/files/Atopic%20Dermatitis%20Phenotype%20Algorithm_0.docx",
            "Atopic dermatitis DD.xlsx": "https://phekb.org/sites/phenotype/files/Atopic%20dermatitis%20DD.xlsx"
        },
        "Phenotype_attributes": "CPT Codes, ICD 9 Codes, Laboratories, Medications",
        "Phenotype_id": 184,
        "Name": "Atopic Dermatitis Algorithm",
        "PIDs": [
            "PP000009"
        ],
        "CID": "PC000009"
    },
    {
        "Files": {
            "Phenotype Algorithm": "https://phekb.org/sites/phenotype/files/Demonstration%20Project_phenotype%20criteria_AF_08_05_19_Denny_0.doc"
        },
        "Phenotype_attributes": "CPT Codes, ICD 9 Codes, Natural Language Processing",
        "Phenotype_id": 78,
        "Name": "Atrial Fibrillation - Demonstration Project",
        "PIDs": [
            "PP000010"
        ],
        "CID": "PC000010"
    },
    {
        "Files": {
            "Narrative Description of Algorithm": "https://phekb.org/sites/phenotype/files/AutismAlgorithm_complete_v2.pdf",
            "Glossary of Terms and Categories for Autism, not for distribution outside eMERGE": "https://phekb.org/sites/phenotype/files/Autism%20glossary%20of%20terms.pdf",
            "Autism Data Dictionary 1-7-2014": "https://phekb.org/sites/phenotype/files/Autism_DataDictionary_v4.xlsx",
            "Flowchart of Algorithm - with mention": "https://phekb.org/sites/phenotype/files/autism_algorithm_rule_v07_mention.jpg"
        },
        "Phenotype_attributes": "ICD 9 Codes, Medications, Natural Language Processing",
        "Phenotype_id": 162,
        "Name": "Autism",
        "PIDs": [
            "PP000011"
        ],
        "CID": "PC000011"
    },
    {
        "Files": {
            "Autoimmune disease algorithm diagram.jpg": "https://phekb.org/sites/phenotype/files/Autoimmune%20disease%20algorithm%20diagram.jpg",
            "Validation Instructions.docx": "https://phekb.org/sites/phenotype/files/Validation%20Instructions.docx",
            "AIDalgorithm_dd_V1.xls": "https://phekb.org/sites/phenotype/files/AIDalgorithm_dd_V1.xls",
            "AutoimmuneDiseaseAlgorithm_V4.pdf": "https://phekb.org/sites/phenotype/files/AutoimmuneDiseaseAlgorithm_V4_0.pdf",
            "AIDalgorithm_coding_V3b.txt": "https://phekb.org/sites/phenotype/files/AIDalgorithm_coding_V3b.txt"
        },
        "Phenotype_attributes": "ICD 10 Codes, ICD 9 Codes, Laboratories",
        "Phenotype_id": 755,
        "Name": "Autoimmune Disease Phenotype",
        "PIDs": [
            "PP000012"
        ],
        "CID": "PC000012"
    },
    {
        "Files": {
            "BMI Meds": "https://phekb.org/sites/phenotype/files/BMI_Meds_20210303.xlsx",
            "BMI Procedures": "https://phekb.org/sites/phenotype/files/BMI_Procedures_20210303.xlsx",
            "DD Report (.sql saved as .txt)": "https://phekb.org/sites/phenotype/files/dd_report_20210303.txt",
            "Covariate Algorithm (.sql saved as .txt)": "https://phekb.org/sites/phenotype/files/EM_BMI_covariate_algorithm_20210307.txt",
            "BMI Pseudocode": "https://phekb.org/sites/phenotype/files/CHOP_BMI_Mar26_2021.docx",
            "ReadMe": "https://phekb.org/sites/phenotype/files/EM_BMI_readme_20210408_0.txt"
        },
        "Phenotype_attributes": "CPT Codes, ICD 10 Codes, ICD 9 Codes, Medications",
        "Phenotype_id": 1547,
        "Name": "Body Mass Index (BMI)",
        "PIDs": [
            "PP000013"
        ],
        "CID": "PC000013"
    },
    {
        "Files": {
            "BoneScan_phenotype.docx": "https://phekb.org/sites/phenotype/files/BoneScan_phenotype.docx"
        },
        "Phenotype_attributes": "CPT Codes, ICD 10 Codes, ICD 9 Codes, Natural Language Processing",
        "Phenotype_id": 1197,
        "Name": "bone scan utilization",
        "PIDs": [
            "PP000014"
        ],
        "CID": "PC000014"
    },
    {
        "Files": {
            "BreastCancerPhenotype_V2_71019.pdf": "https://phekb.org/sites/phenotype/files/BreastCancerPhenotype_V2_71019.pdf",
            "BreastCancerPhenotype_V2_codes.xlsx": "https://phekb.org/sites/phenotype/files/BreastCancerPhenotype_V2_codes.xlsx"
        },
        "Phenotype_attributes": "CPT Codes, ICD 10 Codes, ICD 9 Codes, Laboratories, Medications, Natural Language Processing",
        "Phenotype_id": 1052,
        "Name": "Breast Cancer",
        "PIDs": [
            "PP000015"
        ],
        "CID": "PC000015"
    },
    {
        "Files": {
            "CAAD Pseudo Code (Final version, Dec 29, 2014 -- minor edit 5/22/2015)": "https://phekb.org/sites/phenotype/files/CAAD_Pseudo_Code_2014_12_29b.docx",
            "CAAD Data Dictionary (updated Nov. 18, 2014)": "https://phekb.org/sites/phenotype/files/CAAD_DataDictionary_2014_11_18_0.xlsx",
            "CAAD NLP system User Guide, 2/11/2015 update": "https://phekb.org/sites/phenotype/files/CAAD_NLP_User_Guide_v0.5_2015_02_11.docx",
            "Version 0.5.5 of CAAD Portable NLP System (checks exam type)": "https://phekb.org/sites/phenotype/files/PortableNLP_Check_Exam_Type_v0.5.5.zip",
            "Version 0.5 of CAAD Portable NLP System (assumes correct exam type)": "https://phekb.org/sites/phenotype/files/PortableNLP_v0.5.3_mcrf_0.zip",
            "SAS code illustrating post-processing of results from the CAAD NLP system": "https://phekb.org/sites/phenotype/files/CAAD_Process_NLP_Data.sas_.txt",
            "Estimate of network-wide CAAD cases (with brief Record Counter tutorial)": "https://phekb.org/sites/phenotype/files/CAAD_Network_Wide_Record_Counts_14Jan2014.docx",
            "Version 0.5 of CAAD Portable NLP System (checks exam type, oracle)": "https://phekb.org/sites/phenotype/files/PortableNLP-oracle2.zip",
            "Version 0.5 of CAAD Portable NLP System (checks exam type, geisinger)": "https://phekb.org/sites/phenotype/files/PortableNLP_v0.5.8_exam-type-gs.zip",
            "Version 0.5 of CAAD Portable NLP System (removes ineligible exam only, geisinger)": "https://phekb.org/sites/phenotype/files/PortableNLP_v0.5.9_inexam_only_gs.zip",
            "Version 0.5 of CAAD Portable NLP System (assumes exam type, harvard)": "https://phekb.org/sites/phenotype/files/PortableNLP_v5.5_h_assume_type.zip"
        },
        "Phenotype_attributes": "CPT Codes, ICD 9 Codes, Medications, Natural Language Processing, Vital Signs",
        "Phenotype_id": 188,
        "Name": "CAAD (Carotid Artery Atherosclerosis Disease)",
        "PIDs": [
            "PP000016"
        ],
        "CID": "PC000016"
    },
    {
        "Files": {
            "final algorithm w/ gold and silver standard case definitions": "https://phekb.org/sites/phenotype/files/Phenotype%20pseudocode%20for%20CA-MRSA_final_0.docx",
            "final data dictionary": "https://phekb.org/sites/phenotype/files/caMRSA_Data_Dictionary_4.xlsx",
            "Chart Review form for validating both gold and silver standard definitions": "https://phekb.org/sites/phenotype/files/Chart_Review_Sheet.xlsx"
        },
        "Phenotype_attributes": "CPT Codes, ICD 9 Codes, Laboratories, Medications",
        "Phenotype_id": 149,
        "Name": "caMRSA",
        "PIDs": [
            "PP000017"
        ],
        "CID": "PC000017"
    },
    {
        "Files": {
            "Cardiac Conduction Algorithm": "https://phekb.org/sites/phenotype/files/PhenotypeDefinitionForCardiacConductionQRSDuration.doc",
            "PR Interval Drugs": "https://phekb.org/sites/phenotype/files/Pr_drugs.xls",
            "QT Interval Drugs": "https://phekb.org/sites/phenotype/files/Qt_drugs.xls",
            "Data Dictionary": "https://phekb.org/sites/phenotype/files/DbGaP_QRS_Phenotype_DD.xls"
        },
        "Phenotype_attributes": "CPT Codes, ICD 9 Codes, Laboratories, Medications, Natural Language Processing",
        "Phenotype_id": 8,
        "Name": "Cardiac Conduction (QRS)",
        "PIDs": [
            "PP000018"
        ],
        "CID": "PC000018"
    },
    {
        "Files": {
            "eMERGE_Cardiorespiratory_fitness_algorithm_8_12_2012.doc": "https://phekb.org/sites/phenotype/files/eMERGE_Cardiorespiratory_fitness_algorithm_8_12_2012.doc",
            "eMERGE_Cariorespiratory_fitness_validation_form_8_12_2012.doc": "https://phekb.org/sites/phenotype/files/eMERGE_Cariorespiratory_fitness_validation_form_8_12_2012.doc",
            "eMERGE_CRF_Mayo_validation_summary_8_12_2012.doc": "https://phekb.org/sites/phenotype/files/eMERGE_CRF_Mayo_validation_summary_8_12_2012.doc",
            "Meds_list_CRF_1_6_2013.doc": "https://phekb.org/sites/phenotype/files/Meds_list_CRF_1_6_2013.doc",
            "eMERGE_DD_CRF_5_21_2013_v4.xlsx": "https://phekb.org/sites/phenotype/files/eMERGE_DD_CRF_5_21_2013_v4.xlsx"
        },
        "Phenotype_attributes": "CPT Codes, ICD 9 Codes, Laboratories, Medications, Vital Signs",
        "Phenotype_id": 125,
        "Name": "Cardiorespiratory Fitness Algorithm (eMERGE Mayo Network Phenotype)",
        "PIDs": [
            "PP000019"
        ],
        "CID": "PC000019"
    },
    {
        "Files": {
            "Cataract and Low HDL Algorithm": "https://phekb.org/sites/phenotype/files/Marshfield-CataractDefinition10_11_10_0.doc",
            "Phenotype Data Dictionary": "https://phekb.org/sites/phenotype/files/Marshfield_DD_Phenotype.xls",
            "BMI Data Dictionary": "https://phekb.org/sites/phenotype/files/Marshfield_DD_BMI.xls"
        },
        "Phenotype_attributes": "CPT Codes, ICD 9 Codes, Medications, Natural Language Processing",
        "Phenotype_id": 9,
        "Name": "Cataracts",
        "PIDs": [
            "PP000020"
        ],
        "CID": "PC000020"
    },
    {
        "Files": {
            "CKD_dd_V4.xls": "https://phekb.org/sites/phenotype/files/CKD_dd_V4_1.xls",
            "CKDalgorithm_V4_queryTemplate.sql_.zip": "https://phekb.org/sites/phenotype/files/CKDalgorithm_V4_queryTemplate.sql__2.zip",
            "CKDalgorithm_V4_validationInstruction.pdf": "https://phekb.org/sites/phenotype/files/CKDalgorithm_V4_validationInstruction_2.pdf",
            "CKDalgorithm_V4_validationResults.docx": "https://phekb.org/sites/phenotype/files/CKDalgorithm_V4_validationResults_2.docx",
            "CKDalgorithm_V4.1_codingUpdatedForUrineLabs_20170830.txt": "https://phekb.org/sites/phenotype/files/CKDalgorithm_V4.1_codingUpdatedForUrineLabs_20170830.txt",
            "CKDalgorithm_V4.2.pdf": "https://phekb.org/sites/phenotype/files/CKDalgorithm_V4.2.pdf",
            "CKDalgorithm_V4.2_coding.txt": "https://phekb.org/sites/phenotype/files/CKDalgorithm_V4.2_coding.txt",
            "CKDalgorithm_V4.2_0ReadMe.txt": "https://phekb.org/sites/phenotype/files/CKDalgorithm_V4.2_0ReadMe.txt"
        },
        "Phenotype_attributes": "CPT Codes, ICD 9 Codes, Laboratories",
        "Phenotype_id": 587,
        "Name": "Chronic Kidney Disease",
        "PIDs": [
            "PP000021"
        ],
        "CID": "PC000021"
    },
    {
        "Files": {
            "Full case definition and control definition with 2 years of follow up.": "https://phekb.org/sites/phenotype/files/ClopidogrelPhenotypeVESPA_100429_2%20yr%20v6_0.docx",
            "Full case definition and control definition with 1 year of follow up.": "https://phekb.org/sites/phenotype/files/ClopidogrelPhenotypeVESPA_100429_1%20yr%20v6_0.docx"
        },
        "Phenotype_attributes": "CPT Codes, ICD 9 Codes, Laboratories, Medications, Natural Language Processing",
        "Phenotype_id": 88,
        "Name": "Clopidogrel Poor Metabolizers",
        "PIDs": [
            "PP000022"
        ],
        "CID": "PC000022"
    },
    {
        "Files": {
            "CDiff Algorithm / Pseudocode for network implementation - 4 September 2012": "https://phekb.org/sites/phenotype/files/CDiff_Algorithm_Pseudocode_ForNetwork_4Sept2012.doc",
            "CDiff Data Dictionary for network implementation - 30 August 2012": "https://phekb.org/sites/phenotype/files/CDiff_Data_Dictionary_ForNetwork_30August2012_0.xlsx"
        },
        "Phenotype_attributes": "ICD 9 Codes, Laboratories, Medications, Natural Language Processing",
        "Phenotype_id": 70,
        "Name": "Clostridium Difficile Colitis",
        "PIDs": [
            "PP000023"
        ],
        "CID": "PC000023"
    },
    {
        "Files": {
            "Un-validated ICD-10 codes relevant to CRC phenotype": "https://phekb.org/sites/phenotype/files/GH_UW_CRC_ICD-10_Codes_2017_01_30.docx",
            "Pseudo code updated 5/31/2017 to delete selected codes in Tables 5.1, 5.2.A, and 5.3.A (see tracked changes and table footnotes)": "https://phekb.org/sites/phenotype/files/GH_UW_CRC_Ptype_Pseudocode_2017_05_31.docx"
        },
        "Phenotype_attributes": "CPT Codes, ICD 9 Codes, Laboratories, Medications, Natural Language Processing, Vital Signs",
        "Phenotype_id": 514,
        "Name": "Colorectal Cancer (CRC)",
        "PIDs": [
            "PP000024"
        ],
        "CID": "PC000024"
    },
    {
        "Files": {
            "eMERGE 3 Consistent Care Definition_2016.11.11.docx": "https://phekb.org/sites/phenotype/files/eMERGE%203%20Consistent%20Care%20Definition_2016.11.11.docx"
        },
        "Phenotype_attributes": "CPT Codes, ICD 10 Codes, ICD 9 Codes",
        "Phenotype_id": 613,
        "Name": "Consistent Care",
        "PIDs": [
            "PP000025"
        ],
        "CID": "PC000025"
    },
    {
        "Files": {
            "Crohn's Demonstration Project Algorithm": "https://phekb.org/sites/phenotype/files/Demonstration%20Project_phenotype%20criteria_Crohns_08_04_07_clean.doc"
        },
        "Phenotype_attributes": "ICD 9 Codes, Medications, Natural Language Processing",
        "Phenotype_id": 77,
        "Name": "Crohn's Disease - Demonstration Project",
        "PIDs": [
            "PP000026"
        ],
        "CID": "PC000026"
    },
    {
        "Files": {
            "Both ICD-9 & 10 diagnosis and CPT procedure codes for both inclusion & exclusion": "https://phekb.org/sites/phenotype/files/CRS-incl-and-excl-ICDdxCodes_0.xlsx",
            "CRS algorithm published by NU in 2014": "https://phekb.org/sites/phenotype/files/CRS2014AJRAHsuPacheco--SmithAvila-s16.pdf",
            "complete data dictionary with codes - formatted csv DD will be under the DD tab - the only REQUIRED data is the 'DD-comorbid'": "https://phekb.org/sites/phenotype/files/DataDictionary_CRS_eMERGE_20170207.xlsx",
            "Flowchart depicting updated CRS algorithm w/ new parts in green": "https://phekb.org/sites/phenotype/files/CRS_2017_case_ctl_flowchart.jpg",
            "CRS KNIME workflow (v2.41): unzip and then import .knwf file into KNIME, add you DB connection and queries, and execute": "https://phekb.org/sites/phenotype/files/Exportable%20CRS%20v2.41.zip",
            "CRS KNIME workflow (v2.42): For sites that do not have provider or department specialty.": "https://phekb.org/sites/phenotype/files/Exportable%20CRS%20v2.42.zip"
        },
        "Phenotype_attributes": "CPT Codes, ICD 10 Codes, ICD 9 Codes, Medications",
        "Phenotype_id": 582,
        "Name": "CRS (Chronic Rhinosinusitis)",
        "PIDs": [
            "PP000027"
        ],
        "CID": "PC000027"
    },
    {
        "Files": {
            "Dementia Algorithm": "https://phekb.org/sites/phenotype/files/Dementia_EMR_definition_0.doc",
            "Data Dictionary": "https://phekb.org/sites/phenotype/files/Data_Dictionary_Dementia_FINAL_12-10-2010.xls",
            "BMI Data Dictionary": "https://phekb.org/sites/phenotype/files/Data_Dictionary_BMI_for_Dementia_FINAL_12-10-2010.xls"
        },
        "Phenotype_attributes": "ICD 9 Codes, Medications",
        "Phenotype_id": 10,
        "Name": "Dementia",
        "PIDs": [
            "PP000028"
        ],
        "CID": "PC000028"
    },
    {
        "Files": {
            "Pseudo code for the depression phenotype, released April 17, 2019 with minor additions to Table ECT": "https://phekb.org/sites/phenotype/files/Depression_Ptype_ver_2019_04_17.docx"
        },
        "Phenotype_attributes": "CPT Codes, ICD 10 Codes, ICD 9 Codes, Medications",
        "Phenotype_id": 1095,
        "Name": "Depression",
        "PIDs": [
            "PP000029"
        ],
        "CID": "PC000029"
    },
    {
        "Files": {
            "BroadSearch_prepareforAPT-DLD.zip": "https://phekb.org/sites/phenotype/files/BroadSearch_prepareforAPT-DLD.zip",
            "APT-DLD_implementationR.zip": "https://phekb.org/sites/phenotype/files/APT-DLD_implementationR.zip",
            "APT-DLD_implementationKNIME.zip": "https://phekb.org/sites/phenotype/files/APT-DLD_implementationKNIME.zip",
            "APT-DLD_filters.zip": "https://phekb.org/sites/phenotype/files/APT-DLD_filters_3.zip",
            "How To Use APT-DLD_R_KNIME_July282020.pdf": "https://phekb.org/sites/phenotype/files/How%20To%20Use%20APT-DLD_R_KNIME_July282020.pdf",
            "DLD Manual Chart Review rubric from Walters, Nitin et al 2020 JSLHR.pdf": "https://phekb.org/sites/phenotype/files/DLD%20Manual%20Chart%20Review%20rubric%20from%20Walters%2C%20Nitin%20et%20al%202020%20JSLHR.pdf"
        },
        "Phenotype_attributes": "ICD 10 Codes, ICD 9 Codes",
        "Phenotype_id": 797,
        "Name": "Developmental Language Disorder",
        "PIDs": [
            "PP000030"
        ],
        "CID": "PC000030"
    },
    {
        "Files": {
            "Diebetic Retinopathy Algorithm": "https://phekb.org/sites/phenotype/files/DR-Algorithm.doc",
            "Data Dictionary": "https://phekb.org/sites/phenotype/files/DR-DataDictionary.xls",
            "Diebetic Retinopathy Code Book": "https://phekb.org/sites/phenotype/files/DR-ChartReview-CodeBook.doc",
            "Diebetic Retinopathy Chart Review Abstraction Form": "https://phekb.org/sites/phenotype/files/DR-ChartReview-AbstractionForm.doc"
        },
        "Phenotype_attributes": "CPT Codes, ICD 9 Codes, Medications, Natural Language Processing",
        "Phenotype_id": 11,
        "Name": "Diabetic Retinopathy",
        "PIDs": [
            "PP000031"
        ],
        "CID": "PC000031"
    },
    {
        "Files": {
            "DRE_Phenotype.pdf": "https://phekb.org/sites/phenotype/files/DRE_Phenotype.pdf"
        },
        "Phenotype_attributes": "CPT Codes, ICD 10 Codes, ICD 9 Codes, Natural Language Processing",
        "Phenotype_id": 1205,
        "Name": "Digital Rectal Exam",
        "PIDs": [
            "PP000032"
        ],
        "CID": "PC000032"
    },
    {
        "Files": {
            "Description Diverticular Subphenotypes.docx": "https://phekb.org/sites/phenotype/files/Description%20Diverticular%20Subphenotypes.docx",
            "Codes for Diverticular Subphenotypes.xlsx": "https://phekb.org/sites/phenotype/files/Codes%20for%20Diverticular%20Subphenotypes.xlsx"
        },
        "Phenotype_attributes": "CPT Codes, ICD 10 Codes, ICD 9 Codes",
        "Phenotype_id": 1711,
        "Name": "Diverticular Disease Severity, Left Colonic",
        "PIDs": [
            "PP000033"
        ],
        "CID": "PC000033"
    },
    {
        "Files": {
            "Flowchart for classifying patients as having diverticulosis (cases) or having a colonoscopy w/o evidence of diverticulosis": "https://phekb.org/sites/phenotype/files/diverticulosis-flowchart_0.pdf",
            "NLP pipeline for detecting diverticulosis and diverticulitis mentions in CT scans and colonoscopies": "https://phekb.org/sites/phenotype/files/diverticulosis-NLP-pipeline_2.pdf",
            "Keywords for recognizing mentions of diverticulosis, diverticulitis, and colon sites": "https://phekb.org/sites/phenotype/files/diverticulosis-regex-keywords.csv",
            "Codes to find colonoscopies and CT scans": "https://phekb.org/sites/phenotype/files/Diverticulosis_Phenotype_procedure_codes_2012_10_30.xlsx",
            "Instructions for configuring and executing KNIME workflow": "https://phekb.org/sites/phenotype/files/Diverticulosis-KNIME%20instructions_3.pdf",
            "Java NLP libraries needed to run KNIME workflow": "https://phekb.org/sites/phenotype/files/diverticulosis-libs_0.zip",
            "Description of the input and output data to/from the KNIME workflow": "https://phekb.org/sites/phenotype/files/Diverticulosis%20Workflow%20data%20dictionary_0.xlsx",
            "executable KNIME workflow to find Diverticulosis case and controls with your data": "https://phekb.org/sites/phenotype/files/Diverticulosis-workflows-shared_3.zip",
            "Diverticulosis_and_Diverticulitis_overview.pdf": "https://phekb.org/sites/phenotype/files/Diverticulosis_and_Diverticulitis_overview.pdf",
            "diverticulosis-flowchart_annotated.pdf": "https://phekb.org/sites/phenotype/files/diverticulosis-flowchart_annotated.pdf",
            "Alternate diverticulosis and diverticulitis phenotype algorithm using CPT & ICD-9 codes (no NLP)": "https://phekb.org/sites/phenotype/files/Marshfield%20Diverticulosis%20and%20Diverticulitis%20phenotype%20Nov%2014%202012_0.docx"
        },
        "Phenotype_attributes": "CPT Codes, ICD 9 Codes, Natural Language Processing",
        "Phenotype_id": 92,
        "Name": "Diverticulosis and Diverticulitis",
        "PIDs": [
            "PP000034"
        ],
        "CID": "PC000034"
    },
    {
        "Files": {
            "DILI Algorithm": "https://phekb.org/sites/phenotype/files/DILIAlgorithm_merged_050813_0.pdf",
            "DILI Data Dictionary": "https://phekb.org/sites/phenotype/files/Columbia_Mayo_DILI_Data_Dictionary_051413.xls"
        },
        "Phenotype_attributes": "ICD 9 Codes, Laboratories, Medications, Natural Language Processing",
        "Phenotype_id": 135,
        "Name": "Drug Induced Liver Injury",
        "PIDs": [
            "PP000035"
        ],
        "CID": "PC000035"
    },
    {
        "Files": {
            "Flowchart_Electronic Health Record-based Phenotyping Algorithm for Familial Hypercholesterolemia": "https://phekb.org/sites/phenotype/files/FH_eAlgorithm_Flowcharts_2016_0.pdf",
            "Appendix1_NLP_System": "https://phekb.org/sites/phenotype/files/Appendix_1_0.pdf",
            "Appendix_2_Testing_Set": "https://phekb.org/sites/phenotype/files/Appendix_2_0.pdf",
            "Content_Description": "https://phekb.org/sites/phenotype/files/Content_SEARCH_v2.0_Mod1_2.xlsx",
            "Primary_Validation_2017": "https://phekb.org/sites/phenotype/files/VALIDATION%20OF%20THE%20FH%20eALGORITHM%20IN%20THE%20GEISINGER%20HEALTH%20SYSTEM_2017.pdf",
            "Supplementary material_ICD10Codes": "https://phekb.org/sites/phenotype/files/Map_ICD9_2_ICD10_CS_MSS_03222017_0.pdf",
            "Pseudocode_Electronic Health Record-based Phenotyping Algorithm for Familial Hypercholesterolemia_Full": "https://phekb.org/sites/phenotype/files/FH_eAlgorithm_Pseudocode_FullText_2016_1_3.pdf"
        },
        "Phenotype_attributes": "CPT Codes, ICD 9 Codes, Laboratories, Medications, Natural Language Processing",
        "Phenotype_id": 602,
        "Name": "Electronic Health Record-based Phenotyping Algorithm for Familial Hypercholesterolemia",
        "PIDs": [
            "PP000036"
        ],
        "CID": "PC000036"
    },
    {
        "Files": {
            "eMERGE Clinical Data Elements DD 20221020 FINAL.xlsx": "https://phekb.org/sites/phenotype/files/eMERGE%20Clinical%20Data%20Elements%20DD%2020221020%20FINAL.xlsx",
            "Clinical Data Elements for GIRA Generation Implementation Guide.docx": "https://phekb.org/sites/phenotype/files/Clinical%20Data%20Elements%20for%20GIRA%20Generation%20Implementation%20Guide.docx",
            "SQL_Code_for_Clinical_Data_Elements_Netezza_Version.zip": "https://phekb.org/sites/phenotype/files/SQL_Code_for_Clinical_Data_Elements_Netezza_Version_0.zip"
        },
        "Phenotype_attributes": "NA",
        "Phenotype_id": 1677,
        "Name": "eMERGE Clinical Data Elements for GIRA Generation - Support Page",
        "PIDs": [
            "PP000037"
        ],
        "CID": "PC000037"
    },
    {
        "Files": {
            "eMERGE_ID_List_20250428.csv": "https://phekb.org/sites/phenotype/files/eMERGE_ID_List_20250428_0.csv",
            "GIRA_Data_Refresh_QC_Checklist_20250505.docx": "https://phekb.org/sites/phenotype/files/GIRA_Data_Refresh_QC_Checklist_20250505.docx",
            "GIRA_Data_Refresh_DD_Person_20250505.csv": "https://phekb.org/sites/phenotype/files/GIRA_Data_Refresh_DD_Person_20250505.csv",
            "GIRA_Data_Refresh_DD_Measurement_20250505.csv": "https://phekb.org/sites/phenotype/files/GIRA_Data_Refresh_DD_Measurement_20250505.csv",
            "GIRA_Data_Refresh_DD_BMI_20250505.csv": "https://phekb.org/sites/phenotype/files/GIRA_Data_Refresh_DD_BMI_20250505.csv",
            "GIRA_Data_Refresh_DD_ICD_20250505.csv": "https://phekb.org/sites/phenotype/files/GIRA_Data_Refresh_DD_ICD_20250505.csv",
            "GIRA_Data_Refresh_DD_CPT_20250505.csv": "https://phekb.org/sites/phenotype/files/GIRA_Data_Refresh_DD_CPT_20250505.csv",
            "GIRA_Data_Refresh_DD_Visit_20250505.csv": "https://phekb.org/sites/phenotype/files/GIRA_Data_Refresh_DD_Visit_20250505.csv",
            "GIRA_Data_Refresh_DD_Referrals_20250505.csv": "https://phekb.org/sites/phenotype/files/GIRA_Data_Refresh_DD_Referrals_20250505.csv",
            "GIRA_Data_Refresh_Labs_List_20250505.csv": "https://phekb.org/sites/phenotype/files/GIRA_Data_Refresh_Labs_List_20250505.csv",
            "GIRA_Data_Refresh_BMI_List_20250505.csv": "https://phekb.org/sites/phenotype/files/GIRA_Data_Refresh_BMI_List_20250505.csv",
            "RXNorm_Class_List_20250505.csv": "https://phekb.org/sites/phenotype/files/RXNorm_Class_List_20250505.csv",
            "GIRA_Data_Refresh_Codes_for_Redaction_20250505.csv": "https://phekb.org/sites/phenotype/files/GIRA_Data_Refresh_Codes_for_Redaction_20250505.csv",
            "GIRA_Data_Refresh_DD_Drug_Exposure_20250506.csv": "https://phekb.org/sites/phenotype/files/GIRA_Data_Refresh_DD_Drug_Exposure_20250506.csv",
            "GIRA_Data_Refresh_DD_Orders_20250505.csv": "https://phekb.org/sites/phenotype/files/GIRA_Data_Refresh_DD_Orders_20250505_0.csv",
            "GIRA_Data_Refresh_Implementation_Guide 20250506.pdf": "https://phekb.org/sites/phenotype/files/GIRA_Data_Refresh_Implementation_Guide%2020250506_0.pdf",
            "GIRA_Data_Refresh_Order_Mapping_20250506.csv": "https://phekb.org/sites/phenotype/files/GIRA_Data_Refresh_Order_Mapping_20250506_0.csv"
        },
        "Phenotype_attributes": "NA",
        "Phenotype_id": 1720,
        "Name": "eMERGE GIRA Data Refresh - Spring 2025",
        "PIDs": [
            "PP000038"
        ],
        "CID": "PC000038"
    },
    {
        "Files": {
            "Epilepsy eMERGE algorithm.docx": "https://phekb.org/sites/phenotype/files/Epilepsy%20eMERGE%20algorithm_1.docx"
        },
        "Phenotype_attributes": "CPT Codes, ICD 10 Codes, ICD 9 Codes, Medications, Natural Language Processing",
        "Phenotype_id": 487,
        "Name": "Epilepsy/Antiepileptic drug response algorithm",
        "PIDs": [
            "PP000039"
        ],
        "CID": "PC000039"
    },
    {
        "Files": {
            "NA": "NA"
        },
        "Phenotype_attributes": "NA",
        "Phenotype_id": 1719,
        "Name": "Febrile Neutropenia (Pediatric)",
        "PIDs": [
            "PP000040"
        ],
        "CID": "PC000040"
    },
    {
        "Files": {
            "FS Data Dictionary": "https://phekb.org/sites/phenotype/files/FS_data_dict_FINAL.xlsx",
            "FS Phenotyping Description": "https://phekb.org/sites/phenotype/files/FS_phenotyping_description_FINAL.docx"
        },
        "Phenotype_attributes": "CPT Codes, ICD 10 Codes, ICD 9 Codes, Natural Language Processing",
        "Phenotype_id": 1619,
        "Name": "Functional seizures",
        "PIDs": [
            "PP000041"
        ],
        "CID": "PC000041"
    },
    {
        "Files": {
            "GERD phenotype algorithm.docx": "https://phekb.org/sites/phenotype/files/GERD%20phenotype%20algorithm.docx",
            "GERD chart review form.docx": "https://phekb.org/sites/phenotype/files/GERD%20chart%20review%20form.docx",
            "GERD Data Dictionary.xlsx": "https://phekb.org/sites/phenotype/files/GERD%20Data%20Dictionary_0.xlsx"
        },
        "Phenotype_attributes": "CPT Codes, ICD 9 Codes, Laboratories, Medications",
        "Phenotype_id": 224,
        "Name": "Gastroesophageal Reflux Disease (GERD) Phenotype Algorithm",
        "PIDs": [
            "PP000042"
        ],
        "CID": "PC000042"
    },
    {
        "Files": {
            "data_dictionary": "https://phekb.org/sites/phenotype/files/Hearing_Loss_DICTIONARY_0.xlsx",
            "hearing_loss_definition_v1.0": "https://phekb.org/sites/phenotype/files/Hearing_Loss_Definition_1.docx",
            "hearing_loss_definition_v1.1": "https://phekb.org/sites/phenotype/files/Hearing_Loss_Definition_V1.1.docx"
        },
        "Phenotype_attributes": "ICD 10 Codes, ICD 9 Codes, Natural Language Processing",
        "Phenotype_id": 656,
        "Name": "Hearing Loss",
        "PIDs": [
            "PP000043"
        ],
        "CID": "PC000043"
    },
    {
        "Files": {
            "HF Validation Spreadsheet.xlsx": "https://phekb.org/sites/phenotype/files/HF%20Validation%20Spreadsheet.xlsx",
            "Liu_CRI2013_0121_revised.pdf": "https://phekb.org/sites/phenotype/files/Liu_CRI2013_0121_revised.pdf",
            "Heart Failure Validation Guidelines 11132013.docx": "https://phekb.org/sites/phenotype/files/Heart%20Failure%20Validation%20Guidelines%2011132013.docx",
            "Data Dictionary for Case/Non-Case Algorithm": "https://phekb.org/sites/phenotype/files/HF%20DataDictionary%2003042014.xlsx",
            "Pseudo Code for Case/Non-Case Version of Heart Failure Algorithm": "https://phekb.org/sites/phenotype/files/HF%20Algorthm%20Pseudo%20Code%20V03042014.doc",
            "Pseudo Code for Cohort Version of Heart Failure Algorithm": "https://phekb.org/sites/phenotype/files/HF_algorithm_Cohort.pdf",
            "Data Dictionary for Cohort Version of Heart Failure Algorithm": "https://phekb.org/sites/phenotype/files/HF%20DataDictionary_Cohort.xlsx"
        },
        "Phenotype_attributes": "CPT Codes, ICD 9 Codes, Laboratories, Medications, Natural Language Processing",
        "Phenotype_id": 147,
        "Name": "Heart Failure (HF) with Differentiation between Preserved and Reduced Ejection Fraction",
        "PIDs": [
            "PP000044"
        ],
        "CID": "PC000044"
    },
    {
        "Files": {
            "Height Algorithm": "https://phekb.org/sites/phenotype/files/NU-Height_Algorithm-eMERGE.pdf",
            "Data Dictionary": "https://phekb.org/sites/phenotype/files/Height_DD.xls",
            "KNIME workflow for height algorithm": "https://phekb.org/sites/phenotype/files/Height-workflow-new.zip"
        },
        "Phenotype_attributes": "ICD 9 Codes, Laboratories, Medications",
        "Phenotype_id": 13,
        "Name": "Height",
        "PIDs": [
            "PP000045"
        ],
        "CID": "PC000045"
    },
    {
        "Files": {
            "Herpes zoster phenotype pseudo code (revised 2/4/2013; clarification added 3/7/2013)": "https://phekb.org/sites/phenotype/files/Herpes_Zoster_Pseudocode_GHC_07Mar2013_dbGaP.doc",
            "Herpes zoster appendices (A-E) from pseudo code as Excel files": "https://phekb.org/sites/phenotype/files/Herpes_Zoster_Appendices_All_24Jan2013.xls",
            "Herpes zoster validation guidelines and decision tree chart": "https://phekb.org/sites/phenotype/files/Herpes_zoster_validation_guidelines_24Jan2013.docx",
            "Herpes zoster validation data entry form as Excel file": "https://phekb.org/sites/phenotype/files/Herpes_zoster_validation_data_entry_form_24Jan2013.xlsx",
            "Herpes zoster data dictionary (updated 3/26/2013 to remove a discrepancy in NH/SNF data definition)": "https://phekb.org/sites/phenotype/files/Herpes_Zoster_Data_Dictionary_26Mar2013.xlsx"
        },
        "Phenotype_attributes": "CPT Codes, ICD 9 Codes, Medications, Vital Signs",
        "Phenotype_id": 112,
        "Name": "Herpes Zoster",
        "PIDs": [
            "PP000046"
        ],
        "CID": "PC000046"
    },
    {
        "Files": {
            "HDL Algorithm": "https://phekb.org/sites/phenotype/files/Marshfield_HDL_Pseudocode.doc"
        },
        "Phenotype_attributes": "ICD 9 Codes, Laboratories, Medications, Natural Language Processing",
        "Phenotype_id": 12,
        "Name": "High-Density Lipoproteins (HDL)",
        "PIDs": [
            "PP000047"
        ],
        "CID": "PC000047"
    },
    {
        "Files": {
            "Description of HIV phenotyping algorithm": "https://phekb.org/sites/phenotype/files/Phenotyping_Algorithm_HIV1_2.docx",
            "Computer-readable list of HIV confirmatory tests used in implementation of the algorithm": "https://phekb.org/sites/phenotype/files/HIV1_2_confirmatory_tests.csv",
            "Computer-readable list of HIV viral load tests used in implementation of the algorithm": "https://phekb.org/sites/phenotype/files/HIV1_2_viral_load_tests.csv",
            "Computer-readable list of antiretroviral medications used to treat HIV infection use in implementation of the algorithm": "https://phekb.org/sites/phenotype/files/HIV1_antiretroviral_meds.csv",
            "Computer-readable list of antiretroviral medications used for HIV prevention (PrEP) or treatment of HBV": "https://phekb.org/sites/phenotype/files/PrEP_HBV_meds.csv"
        },
        "Phenotype_attributes": "Laboratories, Medications",
        "Phenotype_id": 1628,
        "Name": "HIV",
        "PIDs": [
            "PP000048"
        ],
        "CID": "PC000048"
    },
    {
        "Files": {
            "Hypothroidism Algorithm": "https://phekb.org/sites/phenotype/files/EMERGE_supplementary_project_hypothyroidism_definition_09_12_21b.doc",
            "Hypothyroidism Codebook": "https://phekb.org/sites/phenotype/files/EMERGE_Hypothyroidism_Codebook_final.doc",
            "Data Dictionary": "https://phekb.org/sites/phenotype/files/Hypothyroidism_DD.xlsx"
        },
        "Phenotype_attributes": "CPT Codes, ICD 9 Codes, Laboratories, Medications, Natural Language Processing",
        "Phenotype_id": 14,
        "Name": "Hypothyroidism",
        "PIDs": [
            "PP000049"
        ],
        "CID": "PC000049"
    },
    {
        "Files": {
            "NA": "NA"
        },
        "Phenotype_attributes": "ICD 9 Codes, Natural Language Processing",
        "Phenotype_id": 348,
        "Name": "Identification of Fibromyalgia Patients in a Rheumatoid Arthritis Cohort",
        "PIDs": [
            "PP000050"
        ],
        "CID": "PC000050"
    },
    {
        "Files": {
            "Intellectual disability Algorithm.docx": "https://phekb.org/sites/phenotype/files/Intellectual%20disability%20Algorithm.docx"
        },
        "Phenotype_attributes": "ICD 10 Codes, ICD 9 Codes",
        "Phenotype_id": 915,
        "Name": "Intellectual Disability",
        "PIDs": [
            "PP000051"
        ],
        "CID": "PC000051"
    },
    {
        "Files": {
            "Lipids Algorithm (comprehensive documentation of the algorithm)": "https://phekb.org/sites/phenotype/files/Lipids-algorithm_0.pdf",
            "Data Dictionary": "https://phekb.org/sites/phenotype/files/Lipids_Data_Dictionary_all.xls",
            "Chart Review Form": "https://phekb.org/sites/phenotype/files/Lipids_chart_review_template2.xls"
        },
        "Phenotype_attributes": "ICD 9 Codes, Laboratories, Medications",
        "Phenotype_id": 15,
        "Name": "Lipids",
        "PIDs": [
            "PP000052"
        ],
        "CID": "PC000052"
    },
    {
        "Files": {
            "File type inclusion/exclusion": "https://phekb.org/sites/phenotype/files/File_type_inclusion_exclusion.xlsx",
            "Clinical note section ontology": "https://phekb.org/sites/phenotype/files/clinical_notes_section_ontology.docx",
            "Text annotation guidelines for stage parameters": "https://phekb.org/sites/phenotype/files/Text_annotation_guide_v7.xlsx",
            "Examples of text evidence": "https://phekb.org/sites/phenotype/files/annotation_examples.pdf",
            "Staging logic": "https://phekb.org/sites/phenotype/files/staging%20logic_v4.xlsx"
        },
        "Phenotype_attributes": "Laboratories, Natural Language Processing",
        "Phenotype_id": 568,
        "Name": "Liver cancer staging project",
        "PIDs": [
            "PP000053"
        ],
        "CID": "PC000053"
    },
    {
        "Files": {
            "PCORI_CHD_VU_20140926.docx": "https://phekb.org/sites/phenotype/files/PCORI_CHD_VU_20140926_0.docx"
        },
        "Phenotype_attributes": "CPT Codes, ICD 9 Codes",
        "Phenotype_id": 234,
        "Name": "MidSouth CDRN - Coronary Heart Disease Algorithm",
        "PIDs": [
            "PP000054"
        ],
        "CID": "PC000054"
    },
    {
        "Files": {
            "PCORI_Weight_Phenotype_v4_FINAL.docx": "https://phekb.org/sites/phenotype/files/PCORI_Weight_Phenotype_v4_FINAL.docx"
        },
        "Phenotype_attributes": "NA",
        "Phenotype_id": 422,
        "Name": "MidSouth CDRN - Healthy Weight Algorithm",
        "PIDs": [
            "PP000055"
        ],
        "CID": "PC000055"
    },
    {
        "Files": {
            "migraine_algorithm_071917.jpg": "https://phekb.org/sites/phenotype/files/migraine_algorithm_071917_0.jpg",
            "Algorithm description": "https://phekb.org/sites/phenotype/files/Migraine_10202017.docx"
        },
        "Phenotype_attributes": "ICD 10 Codes, ICD 9 Codes",
        "Phenotype_id": 584,
        "Name": "Migraine",
        "PIDs": [
            "PP000056"
        ],
        "CID": "PC000056"
    },
    {
        "Files": {
            "Multimodal Analgesia.pdf": "https://phekb.org/sites/phenotype/files/Multimodal%20Analgesia.pdf"
        },
        "Phenotype_attributes": "CPT Codes, ICD 10 Codes, ICD 9 Codes, Medications",
        "Phenotype_id": 1053,
        "Name": "Multimodal Analgesia",
        "PIDs": [
            "PP000057"
        ],
        "CID": "PC000057"
    },
    {
        "Files": {
            "Multiple Sclerosis Demonstration Project - 3/21/2008": "https://phekb.org/sites/phenotype/files/Demonstration%20Project_phenotype%20criteria_MS_08_03_21.doc",
            "Multiple Sclerosis Demonstration Project - 8/5/2010": "https://phekb.org/sites/phenotype/files/MS_2010_Aug%205_0.docx"
        },
        "Phenotype_attributes": "ICD 9 Codes, Medications, Natural Language Processing",
        "Phenotype_id": 76,
        "Name": "Multiple Sclerosis - Demonstration Project",
        "PIDs": [
            "PP000058"
        ],
        "CID": "PC000058"
    },
    {
        "Files": {
            "Pathology Scoring Sheet": "https://phekb.org/sites/phenotype/files/nafld_pathology_NAS_score.png",
            "Component Scoring of NAS Histology": "https://phekb.org/sites/phenotype/files/nas-histology-modifed.xlsx",
            "NAFLD-inclusion-exclusion_final_06182018.docx": "https://phekb.org/sites/phenotype/files/NAFLD-inclusion-exclusion_final_06182018.docx"
        },
        "Phenotype_attributes": "CPT Codes, ICD 10 Codes, ICD 9 Codes, Laboratories, Medications, Natural Language Processing",
        "Phenotype_id": 588,
        "Name": "Non-alcoholic fatty liver disease (NALFD) & Alcoholic Fatty Liver Disease (ALD)",
        "PIDs": [
            "PP000059"
        ],
        "CID": "PC000059"
    },
    {
        "Files": {
            "Opioid Exposed Infants Phenotype Algorithm Description": "https://phekb.org/sites/phenotype/files/Opioid%20Exposed%20Infants%20Phenotype%20Algorithm.docx",
            "List of ICD and CPT codes used for phenotype": "https://phekb.org/sites/phenotype/files/AlgorithmValidation_supplementintotables.xlsx"
        },
        "Phenotype_attributes": "CPT Codes, ICD 10 Codes, ICD 9 Codes, Laboratories, Medications, Natural Language Processing",
        "Phenotype_id": 1705,
        "Name": "Opioid-exposed infants",
        "PIDs": [
            "PP000060"
        ],
        "CID": "PC000060"
    },
    {
        "Files": {
            "Pseudo code for network-wide implementation (updated June 7, 2018 to correct a typo in ICD 10 Px codes in Table 5)": "https://phekb.org/sites/phenotype/files/OV_CA_Pseudo_Code_2018_06_07.docx",
            "Estimates of cases by site via the eMERGE Record Counter (limited to ICD-9 codes)": "https://phekb.org/sites/phenotype/files/OV_UT_CA_Network_Wide_Record_Counts_2018_02_12.docx"
        },
        "Phenotype_attributes": "CPT Codes, ICD 10 Codes, ICD 9 Codes, Laboratories, Medications, Vital Signs",
        "Phenotype_id": 884,
        "Name": "Ovarian/Uterine Cancer (OvUtCa)",
        "PIDs": [
            "PP000061"
        ],
        "CID": "PC000061"
    },
    {
        "Files": {
            "Peanut_Allergy_algorithm.pdf": "https://phekb.org/sites/phenotype/files/Peanut_Allergy_algorithm_0.pdf"
        },
        "Phenotype_attributes": "CPT Codes, Laboratories",
        "Phenotype_id": 609,
        "Name": "Peanut Allergy",
        "PIDs": [
            "PP000062"
        ],
        "CID": "PC000062"
    },
    {
        "Files": {
            "PAD Algorithm": "https://phekb.org/sites/phenotype/files/Mayo_PAD_phenotype_algorithm_final.doc",
            "Abstraction Form": "https://phekb.org/sites/phenotype/files/Mayo_eMERGE_PAD-abstraction_form_1.4.doc",
            "Data Dictionary": "https://phekb.org/sites/phenotype/files/DbGap_Emerge_Mayo_Data_Dictionary.xls",
            "PAD logistic regression model (Mayo)": "https://phekb.org/sites/phenotype/files/Mayo_PAD_algo_billing_codes_april_2010.doc"
        },
        "Phenotype_attributes": "CPT Codes, ICD 9 Codes, Laboratories, Medications, Natural Language Processing",
        "Phenotype_id": 16,
        "Name": "Peripheral Arterial Disease - 2012",
        "PIDs": [
            "PP000063"
        ],
        "CID": "PC000063"
    },
    {
        "Files": {
            "Overview of prognostic survival model and variables": "https://phekb.org/sites/phenotype/files/Prognostic%20Survival%20Model.v3.docx",
            "PDF describing the prognositic model and results": "https://phekb.org/sites/phenotype/files/Prog_WarCloSta_final_Baseline_Model.pdf"
        },
        "Phenotype_attributes": "CPT Codes, ICD 9 Codes",
        "Phenotype_id": 66,
        "Name": "PGx medication risk prediction model",
        "PIDs": [
            "PP000064"
        ],
        "CID": "PC000064"
    },
    {
        "Files": {
            "Manuscript accepted for publication at JAMIA describing this implementation by PhEMA": "https://phekb.org/sites/phenotype/files/PhEMA_BPH_JAMIA_final_2018-06-13_draft_w_figures.pdf"
        },
        "Phenotype_attributes": "CPT Codes, ICD 9 Codes, Laboratories, Medications",
        "Phenotype_id": 1070,
        "Name": "PhEMA BPH (Benign Prostatic Hyperplasia) cases",
        "PIDs": [
            "PP000065"
        ],
        "CID": "PC000065"
    },
    {
        "Files": {
            "PNAAbxCuis.csv": "https://phekb.org/sites/phenotype/files/PNAAbxCuis_0.csv",
            "PNAemergeVUMCv51.pdf": "https://phekb.org/sites/phenotype/files/PNAemergeVUMCv51.pdf",
            "Pneumonia_inclusions_list_40.csv": "https://phekb.org/sites/phenotype/files/Pneumonia_inclusions_list_40.csv",
            "Pneumonia_exclusions_list_40.csv": "https://phekb.org/sites/phenotype/files/Pneumonia_exclusions_list_40.csv"
        },
        "Phenotype_attributes": "ICD 10 Codes, ICD 9 Codes, Medications, Natural Language Processing",
        "Phenotype_id": 926,
        "Name": "Pneumonia- VUMC eMERGE v5.1",
        "PIDs": [
            "PP000066"
        ],
        "CID": "PC000066"
    },
    {
        "Files": {
            "Post-event Pain algorithm V5": "https://phekb.org/sites/phenotype/files/Post-pain_071318.docx"
        },
        "Phenotype_attributes": "CPT Codes, ICD 10 Codes, ICD 9 Codes, Medications",
        "Phenotype_id": 592,
        "Name": "Post-event Pain algorithm",
        "PIDs": [
            "PP000067"
        ],
        "CID": "PC000067"
    },
    {
        "Files": {
            "Red Blood Cell Indices Algorithm": "https://phekb.org/sites/phenotype/files/RBC_ESR_Final_Algorithm_Mayo.doc",
            "Data Dictionary": "https://phekb.org/sites/phenotype/files/Mayo_Final_RBC_data_dictionary.xls",
            "Validation Form": "https://phekb.org/sites/phenotype/files/Mayo_RBC_Indices_Validation_Form.doc"
        },
        "Phenotype_attributes": "CPT Codes, ICD 9 Codes, Laboratories, Medications, Natural Language Processing",
        "Phenotype_id": 17,
        "Name": "Red Blood Cell Indices",
        "PIDs": [
            "PP000068"
        ],
        "CID": "PC000068"
    },
    {
        "Files": {
            "Algorithm for Resistant Hypertension 2010-06_21.doc": "https://phekb.org/sites/phenotype/files/Algorithm%20for%20Resistant%20Hypertension%202010-06_21.doc",
            "Resistant HTN Phenotype DD": "https://phekb.org/sites/phenotype/files/dbGaP_resistantHTN_Phenotype_DD_20120716.xlsx",
            "Resistant HTN Subject DD": "https://phekb.org/sites/phenotype/files/dbGaP_resistantHTN_Subject_DD_20120710.xls",
            "Resistant HTN BMI DD": "https://phekb.org/sites/phenotype/files/dbGaP_resistantHTN_Weight_Height_BMI_DD.xlsx"
        },
        "Phenotype_attributes": "CPT Codes, ICD 9 Codes, Laboratories, Medications, Natural Language Processing, Vital Signs",
        "Phenotype_id": 68,
        "Name": "Resistant hypertension",
        "PIDs": [
            "PP000069"
        ],
        "CID": "PC000069"
    },
    {
        "Files": {
            "Harvard_eMERGE_Rheumatoid_Arthritis_Algorithm_Training_and_Testing_20171011.docx": "https://phekb.org/sites/phenotype/files/Harvard_eMERGE_Rheumatoid_Arthritis_Algorithm_Training_and_Testing_20171011.docx",
            "eMERGE_RA_Feature_List.csv": "https://phekb.org/sites/phenotype/files/eMERGE_RA_Feature_List.csv",
            "eMERGE_RA_Feature_Codes.csv": "https://phekb.org/sites/phenotype/files/eMERGE_RA_Feature_Codes.csv",
            "eMERGE_RA_Control_Exclusion_Codes.csv": "https://phekb.org/sites/phenotype/files/eMERGE_RA_Control_Exclusion_Codes.csv",
            "Harvard eMERGE RA Algorithm Document": "https://phekb.org/sites/phenotype/files/Harvard_eMERGE_RA_Algorithm_Implementation_20171219.docx",
            "eMERGE_RA_Feature_Codes_Updated_20180105": "https://phekb.org/sites/phenotype/files/eMERGE_RA_Feature_Codes_0.csv"
        },
        "Phenotype_attributes": "ICD 10 Codes, ICD 9 Codes, Laboratories",
        "Phenotype_id": 585,
        "Name": "Rheumatoid Arthritis (RA)",
        "PIDs": [
            "PP000070"
        ],
        "CID": "PC000070"
    },
    {
        "Files": {
            "Rheumatoid Arthritis Demonstration Project": "https://phekb.org/sites/phenotype/files/Demonstration%20Project_phenotype%20criteria_RA_08_04_09_0.doc"
        },
        "Phenotype_attributes": "ICD 9 Codes, Medications, Natural Language Processing",
        "Phenotype_id": 74,
        "Name": "Rheumatoid Arthritis - Demonstration Project",
        "PIDs": [
            "PP000071"
        ],
        "CID": "PC000071"
    },
    {
        "Files": {
            "Antibody list of alternative names": "https://phekb.org/sites/phenotype/files/eMERGE_NT198_antibody_list.xlsx",
            "Drug list alternative names": "https://phekb.org/sites/phenotype/files/eMERGE_NT198_drug_list_Rxnorm_0.xlsx"
        },
        "Phenotype_attributes": "Laboratories, Medications",
        "Phenotype_id": 737,
        "Name": "Rheumatology Auto-Immune characteristics",
        "PIDs": [
            "PP000072"
        ],
        "CID": "PC000072"
    },
    {
        "Files": {
            "Description of process for code list development": "https://phekb.org/sites/phenotype/files/Cancer%20Therapy%20RxCUI%20Phenotype%20Information.pdf",
            "Data Dictionary, Drug List, and RxCUI Codes": "https://phekb.org/sites/phenotype/files/Cancer%20Treatment%20RxCUI%20phenotype%202019.xlsx"
        },
        "Phenotype_attributes": "Medications",
        "Phenotype_id": 1578,
        "Name": "RxNorm RxCUI codes for Cancer Therapies",
        "PIDs": [
            "PP000073"
        ],
        "CID": "PC000073"
    },
    {
        "Files": {
            "Severe Early Childhood Obesity Flowchart Algorithm": "https://phekb.org/sites/phenotype/files/obesity_algorithm_final.pdf",
            "Severe Early Childhood Obesity Algorithm Description": "https://phekb.org/sites/phenotype/files/ObesityAlgorithm_complete_final_rev022414.pdf",
            "Severe Early Childhood Obesity Data Dictionary": "https://phekb.org/sites/phenotype/files/Obesity_DataDictionary_v5.xlsx"
        },
        "Phenotype_attributes": "ICD 9 Codes, Medications, Natural Language Processing, Vital Signs",
        "Phenotype_id": 161,
        "Name": "Severe Early Childhood Obesity",
        "PIDs": [
            "PP000074"
        ],
        "CID": "PC000074"
    },
    {
        "Files": {
            "Computable Phenotype Description.pdf": "https://phekb.org/sites/phenotype/files/Computable%20Phenotype%20Description.pdf"
        },
        "Phenotype_attributes": "ICD 9 Codes",
        "Phenotype_id": 615,
        "Name": "Sickle Cell Disease",
        "PIDs": [
            "PP000075"
        ],
        "CID": "PC000075"
    },
    {
        "Files": {
            "Algorithm v. 5.4 (with NLP) summary & appendices (input is text + output from v. 4.x)": "https://phekb.org/sites/phenotype/files/emerge_lupus_pseudocode_V5-4_with_NLP.docx",
            "Types of documents highlighted in green that are needed for NLP": "https://phekb.org/sites/phenotype/files/txt4SLE_LOINC_Document_Ontology_Extract_20130807.xlsx",
            "NLP code v3, in- & out-put DDs & ex. files, & README.doc for implementation, v. 2.4": "https://phekb.org/sites/phenotype/files/lupusNLP-v3.zip",
            "Algorithm v.4.64 (w/o NLP) with most changes marked from V4.5 (some codes corrected /added & minor logic updates)": "https://phekb.org/sites/phenotype/files/emerge_lupus_pseudocode_V4-64_2.docx",
            "codes in SQL fmt. for inclusion & exclusion by criteria with logic: ICD for diagnoses, ICD & CPT for procs, LOINC for labs": "https://phekb.org/sites/phenotype/files/FINAL_SLE_SLICC_SQL_code_w_vocab_codes_inc_LOINC_eMERGE_3.docx",
            "Detailed LOINC codes with expected results by LOINC code for labs": "https://phekb.org/sites/phenotype/files/Updated_SLE_LOINC_final.xlsx",
            "Supplementary Tables w/ Data Definitions and Accuracy Statistics": "https://phekb.org/sites/phenotype/files/Supplemental%20Data.LSM_.R1.20210330.docx",
            "Detailed information on specific codes used": "https://phekb.org/sites/phenotype/files/Classification.Criteria.Data_.Elements.xlsx"
        },
        "Phenotype_attributes": "CPT Codes, ICD 10 Codes, ICD 9 Codes, Laboratories, Medications, Natural Language Processing",
        "Phenotype_id": 1091,
        "Name": "SLE (Systemic Lupus Erythematosus) using SLICC (Systemic Lupus Internation Collaborating Clinics) Criteria",
        "PIDs": [
            "PP000076"
        ],
        "CID": "PC000076"
    },
    {
        "Files": {
            "NA": "NA"
        },
        "Phenotype_attributes": "CPT Codes, ICD 9 Codes",
        "Phenotype_id": 240,
        "Name": "Sleep Apnea Phenotype",
        "PIDs": [
            "PP000077"
        ],
        "CID": "PC000077"
    },
    {
        "Files": {
            "AMI_ALGORITHMS_20130926.docx": "https://phekb.org/sites/phenotype/files/AMI_ALGORITHMS_20130926.docx",
            "SNOMEDCTcodemappedICD.csv": "https://phekb.org/sites/phenotype/files/SNOMEDCTcodemappedICD.csv",
            "CovariantsDD.csv": "https://phekb.org/sites/phenotype/files/CovariantsDD.csv",
            "DemographicsDD.csv": "https://phekb.org/sites/phenotype/files/DemographicsDD.csv",
            "EventsDD.csv": "https://phekb.org/sites/phenotype/files/EventsDD.csv"
        },
        "Phenotype_attributes": "CPT Codes, ICD 9 Codes, Laboratories, Natural Language Processing",
        "Phenotype_id": 170,
        "Name": "Statins and MACE",
        "PIDs": [
            "PP000078"
        ],
        "CID": "PC000078"
    },
    {
        "Files": {
            "Strategy for identification of steroid induced osteonecrosis cases and controls": "https://phekb.org/sites/phenotype/files/Steroid%20ON%20phenotype%20definition_Jan_10_2013.docx"
        },
        "Phenotype_attributes": "CPT Codes, ICD 9 Codes, Medications, Natural Language Processing",
        "Phenotype_id": 155,
        "Name": "Steroid Induced Osteonecrosis",
        "PIDs": [
            "PP000079"
        ],
        "CID": "PC000079"
    },
    {
        "Files": {
            "Publication": "https://phekb.org/sites/phenotype/files/Barnado%20et%20al%202017%20Arthritis%20Care%20and%20Research.pdf"
        },
        "Phenotype_attributes": "ICD 9 Codes, Laboratories, Medications, Natural Language Processing",
        "Phenotype_id": 1058,
        "Name": "Systemic lupus erythematosus (SLE)",
        "PIDs": [
            "PP000080"
        ],
        "CID": "PC000080"
    },
    {
        "Files": {
            "diabetes_phenotype_RS.pdf": "https://phekb.org/sites/phenotype/files/diabetes_phenotype_RS.pdf"
        },
        "Phenotype_attributes": "ICD 10 Codes, ICD 9 Codes, Laboratories, Medications",
        "Phenotype_id": 1506,
        "Name": "Type 1 and type 2 Diabetes Mellitus",
        "PIDs": [
            "PP000081"
        ],
        "CID": "PC000081"
    },
    {
        "Files": {
            "Cases (.sql saved as .txt)": "https://phekb.org/sites/phenotype/files/EM_T1D_cases_202010306.txt",
            "Controls (.sql saved as .txt)": "https://phekb.org/sites/phenotype/files/EM_T1D_controls_202010306.txt",
            "Report (.sql saved as .txt)": "https://phekb.org/sites/phenotype/files/EM_T1D_report_202010306.txt",
            "T1D Pseudocode": "https://phekb.org/sites/phenotype/files/CHOP_T1D_Mar05_2021.docx",
            "ReadMe": "https://phekb.org/sites/phenotype/files/EM_T1D_readme_20210415.txt"
        },
        "Phenotype_attributes": "ICD 10 Codes, ICD 9 Codes, Laboratories, Medications",
        "Phenotype_id": 1548,
        "Name": "Type 1 Diabetes",
        "PIDs": [
            "PP000082"
        ],
        "CID": "PC000082"
    },
    {
        "Files": {
            "T2D Phenotype algorithm": "https://phekb.org/sites/phenotype/files/Phenotype%20criteria_T2D_12_12_28.doc",
            "T2D Phenotype algorithm updated to include ICD10 codes": "https://phekb.org/sites/phenotype/files/Phenotype%2Bcriteria_T2D_20151221.doc"
        },
        "Phenotype_attributes": "ICD 9 Codes, Laboratories, Medications, Natural Language Processing",
        "Phenotype_id": 73,
        "Name": "Type 2 Diabetes - Demonstration Project",
        "PIDs": [
            "PP000083"
        ],
        "CID": "PC000083"
    },
    {
        "Files": {
            "T2DM Algorithm Implementation Document": "https://phekb.org/sites/phenotype/files/MGB%20T2DM_Algorithm_Implementation_20210123.docx",
            "T2DM Feature OMOP mapping": "https://phekb.org/sites/phenotype/files/T2DM_feature_OMOP_Mapping.csv",
            "DMmeds BMJ Paper document": "https://phekb.org/sites/phenotype/files/DMmeds_BMJpaper1_0.docx",
            "T2DM_DD_Feature_Count_OMOP_20210409.csv": "https://phekb.org/sites/phenotype/files/T2DM_DD_FeatureDistribution_OMOP.csv",
            "eMERGE_IV_OMOP_T2DM_PRS_algorithm_20210409.zip": "https://phekb.org/sites/phenotype/files/eMERGE_IV_OMOP_T2DM_PRS_algorithm_0.zip",
            "eMERGE_IV_OMOP_T2DM_PRS_algorithm_20210409.txt": "https://phekb.org/sites/phenotype/files/eMERGE_IV_OMOP_T2DM_PRS_algorithm_0.txt"
        },
        "Phenotype_attributes": "ICD 10 Codes, ICD 9 Codes, Medications",
        "Phenotype_id": 1546,
        "Name": "Type 2 Diabetes - PRS Evaluation",
        "PIDs": [
            "PP000084"
        ],
        "CID": "PC000084"
    },
    {
        "Files": {
            "T2DM Algorithm": "https://phekb.org/sites/phenotype/files/T2DM-algorithm.pdf",
            "Data Dictionary": "https://phekb.org/sites/phenotype/files/NU_T2D_Data_Dictionary.xls",
            "DiabetesChartReview-AbstractionForm7_19_10_Marshfield.doc": "https://phekb.org/sites/phenotype/files/DiabetesChartReview-AbstractionForm7_19_10_Marshfield.doc",
            "DiabetesChartReview-CodeBook7_22_10_Marshfield.doc": "https://phekb.org/sites/phenotype/files/DiabetesChartReview-CodeBook7_22_10_Marshfield.doc",
            "KNIME workflow with T2DM algorithm logic": "https://phekb.org/sites/phenotype/files/T2D-worfklows.zip",
            "example potential cases file for input into KNIME workflow": "https://phekb.org/sites/phenotype/files/dm_potential_cases.csv",
            "example potential controls file for input into KNIME workflow": "https://phekb.org/sites/phenotype/files/dm_potential_controls.csv",
            "UPDATED list of ICD diagnosis codes inc. ICD-10": "https://phekb.org/sites/phenotype/files/DM_ICD_diagnosis_codes.xlsx",
            "UPDATED list of DM meds inc. NDC, RxNorm, and RegEx": "https://phekb.org/sites/phenotype/files/DMmeds_BMJpaper1.docx",
            "eMERGE OMOP MS SQL version of the original T2DM case algorithm": "https://phekb.org/sites/phenotype/files/eMerge%20Type%202%20Diabetes%20Mellitus%20Case%20V1.zip"
        },
        "Phenotype_attributes": "ICD 9 Codes, Laboratories, Medications",
        "Phenotype_id": 18,
        "Name": "Type 2 Diabetes Mellitus",
        "PIDs": [
            "PP000085"
        ],
        "CID": "PC000085"
    },
    {
        "Files": {
            "1-s2.0-S2542454817300085-main.pdf": "https://phekb.org/sites/phenotype/files/1-s2.0-S2542454817300085-main.pdf"
        },
        "Phenotype_attributes": "ICD 9 Codes, Laboratories, Medications, Natural Language Processing",
        "Phenotype_id": 747,
        "Name": "Type1 or Type 2 Diabetes Mellitus",
        "PIDs": [
            "PP000086"
        ],
        "CID": "PC000086"
    },
    {
        "Files": {
            "PheKB_UI.docx": "https://phekb.org/sites/phenotype/files/PheKB_UI.docx"
        },
        "Phenotype_attributes": "CPT Codes, ICD 10 Codes, ICD 9 Codes, Natural Language Processing",
        "Phenotype_id": 1404,
        "Name": "Urinary Incontinence",
        "PIDs": [
            "PP000087"
        ],
        "CID": "PC000087"
    },
    {
        "Files": {
            "Mayo_VU_VTE_Algorithm_August242012.pdf": "https://phekb.org/sites/phenotype/files/Mayo_VU_VTE_Algorithm_August242012.pdf",
            "Mayo_VTE_data_dictionary_20120905.xls": "https://phekb.org/sites/phenotype/files/Mayo_VTE_data_dictionary_20120905.xls"
        },
        "Phenotype_attributes": "CPT Codes, ICD 9 Codes, Natural Language Processing, Vital Signs",
        "Phenotype_id": 109,
        "Name": "Venous Thromboembolism (VTE)",
        "PIDs": [
            "PP000088"
        ],
        "CID": "PC000088"
    },
    {
        "Files": {
            "Warfarin dose_response phenotype definition_current.docx": "https://phekb.org/sites/phenotype/files/Warfarin%20dose_response%20phenotype%20definition_current.docx"
        },
        "Phenotype_attributes": "Laboratories, Medications, Natural Language Processing",
        "Phenotype_id": 156,
        "Name": "Warfarin dose/response",
        "PIDs": [
            "PP000089"
        ],
        "CID": "PC000089"
    },
    {
        "Files": {
            "White Blood Cell Indices Algorithm": "https://phekb.org/sites/phenotype/files/WBC_Algorithm_Seattle.doc",
            "Data Dictionary": "https://phekb.org/sites/phenotype/files/Wbc_phenotype_datadictionary_0.xls"
        },
        "Phenotype_attributes": "CPT Codes, ICD 9 Codes, Laboratories, Medications",
        "Phenotype_id": 19,
        "Name": "White Blood Cell Indices",
        "PIDs": [
            "PP000090"
        ],
        "CID": "PC000090"
    }
]