[
    {
        "Disease": "Abdominal Aortic Aneurysm",
        "Disease_num": 1,
        "PID": "CP000001"
    },
    {
        "Disease": "Abdominal Hernia",
        "Disease_num": 2,
        "PID": "CP000002"
    },
    {
        "Disease": "Acne",
        "Disease_num": 3,
        "PID": "CP000003"
    },
    {
        "Disease": "Alcohol Misuse",
        "Disease_num": 4,
        "PID": "CP000004"
    },
    {
        "Disease": "Alcoholic liver disease",
        "Disease_num": 5,
        "PID": "CP000005"
    },
    {
        "Disease": "Allergic and chronic rhinitis",
        "Disease_num": 6,
        "PID": "CP000006"
    },
    {
        "Disease": "Alopecia areata",
        "Disease_num": 7,
        "PID": "CP000007"
    },
    {
        "Disease": "Anaemia_other",
        "Disease_num": 8,
        "PID": "CP000008"
    },
    {
        "Disease": "Angiodysplasia of colon",
        "Disease_num": 9,
        "PID": "CP000009"
    },
    {
        "Disease": "Ankylosing spondylitis",
        "Disease_num": 10,
        "PID": "CP000010"
    },
    {
        "Disease": "Anterior and Intermediate Uveitis",
        "Disease_num": 11,
        "PID": "CP000011"
    },
    {
        "Disease": "Anxiety disorders",
        "Disease_num": 12,
        "PID": "CP000012"
    },
    {
        "Disease": "Aplastic anaemias",
        "Disease_num": 13,
        "PID": "CP000013"
    },
    {
        "Disease": "Asbestosis",
        "Disease_num": 14,
        "PID": "CP000014"
    },
    {
        "Disease": "Asthma",
        "Disease_num": 15,
        "PID": "CP000015"
    },
    {
        "Disease": "Atrial Fibrillation",
        "Disease_num": 16,
        "PID": "CP000016"
    },
    {
        "Disease": "Atrioventricular blocks",
        "Disease_num": 17,
        "PID": "CP000017"
    },
    {
        "Disease": "Autism and Asperger's syndrome",
        "Disease_num": 18,
        "PID": "CP000018"
    },
    {
        "Disease": "Autoimmune liver disease",
        "Disease_num": 19,
        "PID": "CP000019"
    },
    {
        "Disease": "Autonomic Neuropathy",
        "Disease_num": 20,
        "PID": "CP000020"
    },
    {
        "Disease": "Barrett's oesophagus",
        "Disease_num": 21,
        "PID": "CP000021"
    },
    {
        "Disease": "Benign Prostatic Hyperplasia",
        "Disease_num": 23,
        "PID": "CP000022"
    },
    {
        "Disease": "Benign essential tremor",
        "Disease_num": 22,
        "PID": "CP000023"
    },
    {
        "Disease": "Bipolar affective disorder and mania",
        "Disease_num": 24,
        "PID": "CP000024"
    },
    {
        "Disease": "Bronchiectasis",
        "Disease_num": 25,
        "PID": "CP000025"
    },
    {
        "Disease": "COPD",
        "Disease_num": 38,
        "PID": "CP000026"
    },
    {
        "Disease": "Cardiomyopathy_other",
        "Disease_num": 26,
        "PID": "CP000027"
    },
    {
        "Disease": "Cataract",
        "Disease_num": 27,
        "PID": "CP000028"
    },
    {
        "Disease": "Cerebral Palsy",
        "Disease_num": 28,
        "PID": "CP000029"
    },
    {
        "Disease": "Chronic Cystitis",
        "Disease_num": 29,
        "PID": "CP000030"
    },
    {
        "Disease": "Chronic Fatigue Syndrome",
        "Disease_num": 30,
        "PID": "CP000031"
    },
    {
        "Disease": "Chronic Kidney Disease",
        "Disease_num": 31,
        "PID": "CP000032"
    },
    {
        "Disease": "Chronic sinusitis",
        "Disease_num": 32,
        "PID": "CP000033"
    },
    {
        "Disease": "Chronic viral hepatitis",
        "Disease_num": 33,
        "PID": "CP000034"
    },
    {
        "Disease": "Cirrhosis",
        "Disease_num": 34,
        "PID": "CP000035"
    },
    {
        "Disease": "Coeliac disease",
        "Disease_num": 35,
        "PID": "CP000036"
    },
    {
        "Disease": "Collapsed vertebra",
        "Disease_num": 36,
        "PID": "CP000037"
    },
    {
        "Disease": "Congenital Septal Defect",
        "Disease_num": 37,
        "PID": "CP000038"
    },
    {
        "Disease": "Coronary Heart Disease (not otherwise specified)",
        "Disease_num": 39,
        "PID": "CP000039"
    },
    {
        "Disease": "Crohn's disease",
        "Disease_num": 40,
        "PID": "CP000040"
    },
    {
        "Disease": "Cystic Fibrosis",
        "Disease_num": 41,
        "PID": "CP000041"
    },
    {
        "Disease": "Dementia",
        "Disease_num": 42,
        "PID": "CP000042"
    },
    {
        "Disease": "Depression",
        "Disease_num": 43,
        "PID": "CP000043"
    },
    {
        "Disease": "Dermatitis",
        "Disease_num": 44,
        "PID": "CP000044"
    },
    {
        "Disease": "Diabetes Mellitus_other or not specified",
        "Disease_num": 45,
        "PID": "CP000045"
    },
    {
        "Disease": "Diabetic Eye Disease",
        "Disease_num": 46,
        "PID": "CP000046"
    },
    {
        "Disease": "Diabetic Neuropathy",
        "Disease_num": 47,
        "PID": "CP000047"
    },
    {
        "Disease": "Diaphragmatic hernia",
        "Disease_num": 48,
        "PID": "CP000048"
    },
    {
        "Disease": "Dilated cardiomyopathy",
        "Disease_num": 49,
        "PID": "CP000049"
    },
    {
        "Disease": "Diverticular Disease",
        "Disease_num": 50,
        "PID": "CP000050"
    },
    {
        "Disease": "Down's syndrome",
        "Disease_num": 51,
        "PID": "CP000051"
    },
    {
        "Disease": "Dysmenorrhoea",
        "Disease_num": 52,
        "PID": "CP000052"
    },
    {
        "Disease": "Eating Disorders",
        "Disease_num": 53,
        "PID": "CP000053"
    },
    {
        "Disease": "Endometrial hyperplasia and hypertrophy",
        "Disease_num": 54,
        "PID": "CP000054"
    },
    {
        "Disease": "Endometriosis",
        "Disease_num": 55,
        "PID": "CP000055"
    },
    {
        "Disease": "Enteropathic arthropathy",
        "Disease_num": 56,
        "PID": "CP000056"
    },
    {
        "Disease": "Enthesopathy and synovial disorder",
        "Disease_num": 57,
        "PID": "CP000057"
    },
    {
        "Disease": "Epilepsy",
        "Disease_num": 58,
        "PID": "CP000058"
    },
    {
        "Disease": "Fatty Liver",
        "Disease_num": 59,
        "PID": "CP000059"
    },
    {
        "Disease": "Fibromatosis",
        "Disease_num": 60,
        "PID": "CP000060"
    },
    {
        "Disease": "Folate deficiency anaemia",
        "Disease_num": 61,
        "PID": "CP000061"
    },
    {
        "Disease": "Gastritis and duodenitis",
        "Disease_num": 62,
        "PID": "CP000062"
    },
    {
        "Disease": "Gastro-oesophageal reflux disease",
        "Disease_num": 63,
        "PID": "CP000063"
    },
    {
        "Disease": "Giant Cell arteritis",
        "Disease_num": 64,
        "PID": "CP000064"
    },
    {
        "Disease": "Glaucoma",
        "Disease_num": 65,
        "PID": "CP000065"
    },
    {
        "Disease": "Glomerulonephritis",
        "Disease_num": 66,
        "PID": "CP000066"
    },
    {
        "Disease": "Gout",
        "Disease_num": 67,
        "PID": "CP000067"
    },
    {
        "Disease": "HIV",
        "Disease_num": 72,
        "PID": "CP000068"
    },
    {
        "Disease": "Hearing loss",
        "Disease_num": 68,
        "PID": "CP000069"
    },
    {
        "Disease": "Heart failure",
        "Disease_num": 69,
        "PID": "CP000070"
    },
    {
        "Disease": "Hepatic failure",
        "Disease_num": 70,
        "PID": "CP000071"
    },
    {
        "Disease": "Hidradenitis suppurativa",
        "Disease_num": 71,
        "PID": "CP000072"
    },
    {
        "Disease": "Hodgkin Lymphoma",
        "Disease_num": 73,
        "PID": "CP000073"
    },
    {
        "Disease": "Hyperkinetic disorders",
        "Disease_num": 74,
        "PID": "CP000074"
    },
    {
        "Disease": "Hyperparathyroidism",
        "Disease_num": 75,
        "PID": "CP000075"
    },
    {
        "Disease": "Hypersplenism",
        "Disease_num": 76,
        "PID": "CP000076"
    },
    {
        "Disease": "Hypertension",
        "Disease_num": 77,
        "PID": "CP000077"
    },
    {
        "Disease": "Hypertrophic Cardiomyopathy",
        "Disease_num": 78,
        "PID": "CP000078"
    },
    {
        "Disease": "Hypertrophic Nasal Turbinates",
        "Disease_num": 79,
        "PID": "CP000079"
    },
    {
        "Disease": "Hyposplenism",
        "Disease_num": 80,
        "PID": "CP000080"
    },
    {
        "Disease": "Idiopathic Intracranial Hypertension",
        "Disease_num": 81,
        "PID": "CP000081"
    },
    {
        "Disease": "Immunodeficiencies",
        "Disease_num": 82,
        "PID": "CP000082"
    },
    {
        "Disease": "Intellectual disability",
        "Disease_num": 83,
        "PID": "CP000083"
    },
    {
        "Disease": "Intervertebral disc disorders",
        "Disease_num": 84,
        "PID": "CP000084"
    },
    {
        "Disease": "Intracerebral haemorrhage",
        "Disease_num": 85,
        "PID": "CP000085"
    },
    {
        "Disease": "Irritable bowel syndrome",
        "Disease_num": 86,
        "PID": "CP000086"
    },
    {
        "Disease": "Ischaemic stroke",
        "Disease_num": 87,
        "PID": "CP000087"
    },
    {
        "Disease": "Left bundle branch block",
        "Disease_num": 88,
        "PID": "CP000088"
    },
    {
        "Disease": "Leukaemia",
        "Disease_num": 89,
        "PID": "CP000089"
    },
    {
        "Disease": "Lupus Erythematosus",
        "Disease_num": 91,
        "PID": "CP000090"
    },
    {
        "Disease": "Macular degeneration",
        "Disease_num": 92,
        "PID": "CP000091"
    },
    {
        "Disease": "Meniere's Disease",
        "Disease_num": 93,
        "PID": "CP000092"
    },
    {
        "Disease": "Migraine",
        "Disease_num": 94,
        "PID": "CP000093"
    },
    {
        "Disease": "Motor neuron disease",
        "Disease_num": 95,
        "PID": "CP000094"
    },
    {
        "Disease": "Multiple sclerosis",
        "Disease_num": 96,
        "PID": "CP000095"
    },
    {
        "Disease": "Multiple valve disorder",
        "Disease_num": 97,
        "PID": "CP000096"
    },
    {
        "Disease": "Myasthenia gravis",
        "Disease_num": 98,
        "PID": "CP000097"
    },
    {
        "Disease": "Myelodysplastic Syndrome",
        "Disease_num": 99,
        "PID": "CP000098"
    },
    {
        "Disease": "Myocardial Infarction",
        "Disease_num": 100,
        "PID": "CP000099"
    },
    {
        "Disease": "Neuropahtic Bladder",
        "Disease_num": 101,
        "PID": "CP000100"
    },
    {
        "Disease": "Non-Hodgkin Lymphoma",
        "Disease_num": 102,
        "PID": "CP000101"
    },
    {
        "Disease": "Nonrheumatic aortic valve disorders",
        "Disease_num": 103,
        "PID": "CP000102"
    },
    {
        "Disease": "Nonrheumatic mitral valve disorders",
        "Disease_num": 104,
        "PID": "CP000103"
    },
    {
        "Disease": "Obesity",
        "Disease_num": 105,
        "PID": "CP000104"
    },
    {
        "Disease": "Obsessive-compulsive disorder",
        "Disease_num": 106,
        "PID": "CP000105"
    },
    {
        "Disease": "Obstructive and reflux uropathy",
        "Disease_num": 107,
        "PID": "CP000106"
    },
    {
        "Disease": "Oesophageal varices",
        "Disease_num": 108,
        "PID": "CP000107"
    },
    {
        "Disease": "Osteoarthritis (excl spine)",
        "Disease_num": 109,
        "PID": "CP000108"
    },
    {
        "Disease": "Osteoporosis",
        "Disease_num": 110,
        "PID": "CP000109"
    },
    {
        "Disease": "Other haemolytic anaemias",
        "Disease_num": 111,
        "PID": "CP000110"
    },
    {
        "Disease": "Pancreatitis",
        "Disease_num": 112,
        "PID": "CP000111"
    },
    {
        "Disease": "Parkinson's disease",
        "Disease_num": 113,
        "PID": "CP000112"
    },
    {
        "Disease": "Pericardial Effusion",
        "Disease_num": 114,
        "PID": "CP000113"
    },
    {
        "Disease": "Peripheral Neuropathy",
        "Disease_num": 116,
        "PID": "CP000114"
    },
    {
        "Disease": "Peripheral Vascular Disease",
        "Disease_num": 115,
        "PID": "CP000115"
    },
    {
        "Disease": "Personality disorders",
        "Disease_num": 117,
        "PID": "CP000116"
    },
    {
        "Disease": "Plasma Cell Malignancy",
        "Disease_num": 118,
        "PID": "CP000117"
    },
    {
        "Disease": "Pleural effusion",
        "Disease_num": 119,
        "PID": "CP000118"
    },
    {
        "Disease": "Pleural plaque",
        "Disease_num": 120,
        "PID": "CP000119"
    },
    {
        "Disease": "Polycystic ovarian syndrome",
        "Disease_num": 121,
        "PID": "CP000120"
    },
    {
        "Disease": "Polycythaemia vera",
        "Disease_num": 122,
        "PID": "CP000121"
    },
    {
        "Disease": "Polymyalgia Rheumatica",
        "Disease_num": 123,
        "PID": "CP000122"
    },
    {
        "Disease": "Portal hypertension",
        "Disease_num": 124,
        "PID": "CP000123"
    },
    {
        "Disease": "Posterior Uveitis",
        "Disease_num": 125,
        "PID": "CP000124"
    },
    {
        "Disease": "Primary Malignancy_Biliary Tract",
        "Disease_num": 126,
        "PID": "CP000125"
    },
    {
        "Disease": "Primary Malignancy_Bladder",
        "Disease_num": 127,
        "PID": "CP000126"
    },
    {
        "Disease": "Primary Malignancy_Bone",
        "Disease_num": 128,
        "PID": "CP000127"
    },
    {
        "Disease": "Primary Malignancy_Bowel",
        "Disease_num": 129,
        "PID": "CP000128"
    },
    {
        "Disease": "Primary Malignancy_Brain",
        "Disease_num": 130,
        "PID": "CP000129"
    },
    {
        "Disease": "Primary Malignancy_Breast",
        "Disease_num": 131,
        "PID": "CP000130"
    },
    {
        "Disease": "Primary Malignancy_Cervix",
        "Disease_num": 132,
        "PID": "CP000131"
    },
    {
        "Disease": "Primary Malignancy_Kidney",
        "Disease_num": 133,
        "PID": "CP000132"
    },
    {
        "Disease": "Primary Malignancy_Liver",
        "Disease_num": 134,
        "PID": "CP000133"
    },
    {
        "Disease": "Primary Malignancy_Lung",
        "Disease_num": 135,
        "PID": "CP000134"
    },
    {
        "Disease": "Primary Malignancy_Melanoma",
        "Disease_num": 136,
        "PID": "CP000135"
    },
    {
        "Disease": "Primary Malignancy_Mesothelioma",
        "Disease_num": 137,
        "PID": "CP000136"
    },
    {
        "Disease": "Primary Malignancy_Multiple Sites",
        "Disease_num": 138,
        "PID": "CP000137"
    },
    {
        "Disease": "Primary Malignancy_Oesophageal",
        "Disease_num": 139,
        "PID": "CP000138"
    },
    {
        "Disease": "Primary Malignancy_Oropharyngeal",
        "Disease_num": 140,
        "PID": "CP000139"
    },
    {
        "Disease": "Primary Malignancy_Ovary",
        "Disease_num": 142,
        "PID": "CP000140"
    },
    {
        "Disease": "Primary Malignancy_Pancreas",
        "Disease_num": 143,
        "PID": "CP000141"
    },
    {
        "Disease": "Primary Malignancy_Prostate",
        "Disease_num": 144,
        "PID": "CP000142"
    },
    {
        "Disease": "Primary Malignancy_Skin",
        "Disease_num": 145,
        "PID": "CP000143"
    },
    {
        "Disease": "Primary Malignancy_Stomach",
        "Disease_num": 146,
        "PID": "CP000144"
    },
    {
        "Disease": "Primary Malignancy_Testis",
        "Disease_num": 147,
        "PID": "CP000145"
    },
    {
        "Disease": "Primary Malignancy_Thyroid",
        "Disease_num": 148,
        "PID": "CP000146"
    },
    {
        "Disease": "Primary Malignancy_Uterus",
        "Disease_num": 149,
        "PID": "CP000147"
    },
    {
        "Disease": "Primary Malignancy_other",
        "Disease_num": 141,
        "PID": "CP000148"
    },
    {
        "Disease": "Primary Thrombocytopaenia",
        "Disease_num": 151,
        "PID": "CP000149"
    },
    {
        "Disease": "Primary pulmonary hypertension",
        "Disease_num": 150,
        "PID": "CP000150"
    },
    {
        "Disease": "Psoriasis",
        "Disease_num": 152,
        "PID": "CP000151"
    },
    {
        "Disease": "Psoriatic Arthritis",
        "Disease_num": 153,
        "PID": "CP000152"
    },
    {
        "Disease": "Pulmonary Fibrosis",
        "Disease_num": 155,
        "PID": "CP000153"
    },
    {
        "Disease": "Raynaud's syndrome",
        "Disease_num": 159,
        "PID": "CP000154"
    },
    {
        "Disease": "Retinal vascular occlusions",
        "Disease_num": 160,
        "PID": "CP000155"
    },
    {
        "Disease": "Rheumatic Valve Disorder",
        "Disease_num": 161,
        "PID": "CP000156"
    },
    {
        "Disease": "Rheumatoid Arthritis",
        "Disease_num": 162,
        "PID": "CP000157"
    },
    {
        "Disease": "Right bundle branch block combinations",
        "Disease_num": 163,
        "PID": "CP000158"
    },
    {
        "Disease": "Rosacea",
        "Disease_num": 164,
        "PID": "CP000159"
    },
    {
        "Disease": "Sarcoidosis",
        "Disease_num": 165,
        "PID": "CP000160"
    },
    {
        "Disease": "Schizophrenia",
        "Disease_num": 166,
        "PID": "CP000161"
    },
    {
        "Disease": "Scleritis and episcleritis",
        "Disease_num": 167,
        "PID": "CP000162"
    },
    {
        "Disease": "Scleroderma",
        "Disease_num": 168,
        "PID": "CP000163"
    },
    {
        "Disease": "Seborrheic dermatitis",
        "Disease_num": 169,
        "PID": "CP000164"
    },
    {
        "Disease": "Secondary Malignancy_Adrenal Gland",
        "Disease_num": 170,
        "PID": "CP000165"
    },
    {
        "Disease": "Secondary Malignancy_Bone",
        "Disease_num": 171,
        "PID": "CP000166"
    },
    {
        "Disease": "Secondary Malignancy_Bowel",
        "Disease_num": 172,
        "PID": "CP000167"
    },
    {
        "Disease": "Secondary Malignancy_Brain",
        "Disease_num": 173,
        "PID": "CP000168"
    },
    {
        "Disease": "Secondary Malignancy_Liver",
        "Disease_num": 174,
        "PID": "CP000169"
    },
    {
        "Disease": "Secondary Malignancy_Lung",
        "Disease_num": 175,
        "PID": "CP000170"
    },
    {
        "Disease": "Secondary Malignancy_Lymph Nodes",
        "Disease_num": 176,
        "PID": "CP000171"
    },
    {
        "Disease": "Secondary Malignancy_Peritoneum",
        "Disease_num": 178,
        "PID": "CP000172"
    },
    {
        "Disease": "Secondary Malignancy_Pleura",
        "Disease_num": 179,
        "PID": "CP000173"
    },
    {
        "Disease": "Secondary Malignancy_other",
        "Disease_num": 177,
        "PID": "CP000174"
    },
    {
        "Disease": "Secondary Thrombocytopaenia",
        "Disease_num": 182,
        "PID": "CP000175"
    },
    {
        "Disease": "Secondary polycythaemia",
        "Disease_num": 180,
        "PID": "CP000176"
    },
    {
        "Disease": "Secondary pulmonary hypertension",
        "Disease_num": 181,
        "PID": "CP000177"
    },
    {
        "Disease": "Sick sinus syndrome",
        "Disease_num": 183,
        "PID": "CP000178"
    },
    {
        "Disease": "Sickle Cell Disease",
        "Disease_num": 184,
        "PID": "CP000179"
    },
    {
        "Disease": "Sjogren's Syndrome",
        "Disease_num": 185,
        "PID": "CP000180"
    },
    {
        "Disease": "Sleep apnoea",
        "Disease_num": 186,
        "PID": "CP000181"
    },
    {
        "Disease": "Spina bifida",
        "Disease_num": 187,
        "PID": "CP000182"
    },
    {
        "Disease": "Spinal stenosis",
        "Disease_num": 188,
        "PID": "CP000183"
    },
    {
        "Disease": "Spondylolisthesis",
        "Disease_num": 189,
        "PID": "CP000184"
    },
    {
        "Disease": "Spondylosis",
        "Disease_num": 190,
        "PID": "CP000185"
    },
    {
        "Disease": "Stable Angina",
        "Disease_num": 191,
        "PID": "CP000186"
    },
    {
        "Disease": "Stroke_not otherwise specified",
        "Disease_num": 192,
        "PID": "CP000187"
    },
    {
        "Disease": "Subarachnoid haemorrhage",
        "Disease_num": 193,
        "PID": "CP000188"
    },
    {
        "Disease": "Substance Misuse",
        "Disease_num": 194,
        "PID": "CP000189"
    },
    {
        "Disease": "Supraventricular tachycardia",
        "Disease_num": 195,
        "PID": "CP000190"
    },
    {
        "Disease": "Thalassaemia",
        "Disease_num": 196,
        "PID": "CP000191"
    },
    {
        "Disease": "Thrombophilia",
        "Disease_num": 197,
        "PID": "CP000192"
    },
    {
        "Disease": "Thyroid Disease",
        "Disease_num": 198,
        "PID": "CP000193"
    },
    {
        "Disease": "Tinnitus",
        "Disease_num": 199,
        "PID": "CP000194"
    },
    {
        "Disease": "Transient ischaemic attack",
        "Disease_num": 200,
        "PID": "CP000195"
    },
    {
        "Disease": "Trigeminal neuralgia",
        "Disease_num": 201,
        "PID": "CP000196"
    },
    {
        "Disease": "Tubulo-interstitial nephritis",
        "Disease_num": 202,
        "PID": "CP000197"
    },
    {
        "Disease": "Type 1 Diabetes Mellitus",
        "Disease_num": 203,
        "PID": "CP000198"
    },
    {
        "Disease": "Type 2 Diabetes Mellitus",
        "Disease_num": 204,
        "PID": "CP000199"
    },
    {
        "Disease": "Ulcerative colitis",
        "Disease_num": 205,
        "PID": "CP000200"
    },
    {
        "Disease": "Unstable Angina",
        "Disease_num": 206,
        "PID": "CP000201"
    },
    {
        "Disease": "Urinary Incontinence",
        "Disease_num": 207,
        "PID": "CP000202"
    },
    {
        "Disease": "Venous thromboembolic disease (Excl PE)",
        "Disease_num": 208,
        "PID": "CP000203"
    },
    {
        "Disease": "Ventricular tachycardia",
        "Disease_num": 209,
        "PID": "CP000204"
    },
    {
        "Disease": "Visual impairment and blindness",
        "Disease_num": 210,
        "PID": "CP000205"
    },
    {
        "Disease": "Vitamin B12 deficiency anaemia",
        "Disease_num": 211,
        "PID": "CP000206"
    },
    {
        "Disease": "Vitiligo",
        "Disease_num": 212,
        "PID": "CP000207"
    }
]